<foes>
    <mutant_bee>
        <sprite>
            undead/simulacra/simulacrum_bee.png
        </sprite>
        <move>
            5
        </move>
        <hp>
            8
        </hp>
        <strength>
            6
        </strength>
        <defense>
            3
        </defense>
        <resistance>
            2
        </resistance>
        <xp_gain>
            12
        </xp_gain>
        <strategy>
            SEMI_ACTIVE
        </strategy>
        <reach>
            1, 2
        </reach>
        <attack_kind>
            PHYSICAL
        </attack_kind>
        <stats_up>
            <hp>
                1, 2, 2, 3
            </hp>
            <strength>
                0, 1, 1, 1
            </strength>
            <defense>
                0, 1, 1, 2
            </defense>
            <resistance>
                0, 0, 1
            </resistance>
        </stats_up>
        <loot>

        </loot>
        <keywords>mutant,fly</keywords>
    </mutant_bee>
    <mutant_ant>
        <sprite>
            undead/simulacra/simulacrum_ant.png
        </sprite>
        <move>
            4
        </move>
        <hp>
            10
        </hp>
        <strength>
            7
        </strength>
        <defense>
            4
        </defense>
        <resistance>
            1
        </resistance>
        <xp_gain>
            12
        </xp_gain>
        <strategy>
            SEMI_ACTIVE
        </strategy>
        <attack_kind>
            PHYSICAL
        </attack_kind>
        <stats_up>
            <hp>
                1, 2, 2, 3, 3, 4
            </hp>
            <strength>
                0, 1, 1, 1
            </strength>
            <defense>
                0, 1, 1, 2
            </defense>
            <resistance>
                0, 0, 1
            </resistance>
        </stats_up>
        <loot>

        </loot>
        <keywords>mutant</keywords>
    </mutant_ant>
    <mutant_lizard>
        <sprite>
            undead/simulacra/simulacrum_lizard.png
        </sprite>
        <move>
            6
        </move>
        <hp>
            10
        </hp>
        <strength>
            8
        </strength>
        <defense>
            3
        </defense>
        <resistance>
            1
        </resistance>
        <xp_gain>
            15
        </xp_gain>
        <strategy>
            ACTIVE
        </strategy>
        <attack_kind>
            PHYSICAL
        </attack_kind>
        <stats_up>
            <hp>
                1, 2, 2, 2, 3, 4
            </hp>
            <strength>
                0, 1, 1, 1, 2
            </strength>
            <defense>
                0, 1, 1, 2
            </defense>
            <resistance>
                0, 0, 1
            </resistance>
        </stats_up>
        <loot>

        </loot>
        <keywords>mutant,large,cavalry</keywords>
    </mutant_lizard>
    <snake>
        <sprite>
            animals/adder.png
        </sprite>
        <move>
            2
        </move>
        <hp>
            6
        </hp>
        <strength>
            2
        </strength>
        <defense>
            0
        </defense>
        <resistance>
            0
        </resistance>
        <xp_gain>
            10
        </xp_gain>
        <strategy>
            SEMI_ACTIVE
        </strategy>
        <attack_kind>
            PHYSICAL
        </attack_kind>
        <stats_up>
            <hp>
                1, 2, 2, 2, 3, 4
            </hp>
            <strength>
                0, 1, 1
            </strength>
            <defense>
                0, 1, 1
            </defense>
            <resistance>
                0, 1
            </resistance>
        </stats_up>
        <loot>

        </loot>
    </snake>
    <skeleton>
        <sprite>
            undead/skeletons/skeleton_humanoid_small_old.png
        </sprite>
        <move>
            3
        </move>
        <hp>
            10
        </hp>
        <strength>
            7
        </strength>
        <defense>
            1
        </defense>
        <resistance>
            0
        </resistance>
        <xp_gain>
            10
        </xp_gain>
        <strategy>
            SEMI_ACTIVE
        </strategy>
        <attack_kind>
            PHYSICAL
        </attack_kind>
        <loot>
            <item>
                <name>
                    bones
                </name>
                <probability>
                    0.1
                </probability>
            </item>
            <item>
                <name>
                    iron_ring
                </name>
                <probability>
                    0.05
                </probability>
            </item>
        </loot>
        <stats_up>
            <hp>
                1, 2, 2, 2, 3, 4
            </hp>
            <strength>
                0, 1, 1, 2
            </strength>
            <defense>
                0, 1, 1
            </defense>
            <resistance>
                0, 1
            </resistance>
        </stats_up>
        <keywords>UNDEAD</keywords>
    </skeleton>
    <simple_statue>
        <sprite>
            statues/statue_base_old.png
        </sprite>
        <move>
            0
        </move>
        <hp>
            10
        </hp>
        <strength>
            1
        </strength>
        <defense>
            2
        </defense>
        <resistance>
            0
        </resistance>
        <xp_gain>
            8
        </xp_gain>
        <strategy>
            STATIC
        </strategy>
        <attack_kind>
            PHYSICAL
        </attack_kind>
        <stats_up>
            <hp>
                1, 2, 2, 3, 3, 4, 5
            </hp>
            <strength>
                0, 1, 1
            </strength>
            <defense>
                0, 1, 2, 2
            </defense>
            <resistance>
                0, 1, 2
            </resistance>
        </stats_up>
    </simple_statue>
    <necrophage>
        <sprite>
            undead/necrophage_new.png
        </sprite>
        <move>
            2
        </move>
        <hp>
            15
        </hp>
        <strength>
            8
        </strength>
        <defense>
            0
        </defense>
        <resistance>
            0
        </resistance>
        <xp_gain>
            13
        </xp_gain>
        <strategy>
            SEMI_ACTIVE
        </strategy>
        <attack_kind>
            PHYSICAL
        </attack_kind>
        <loot>
            <item>
                <name>
                    monster_meat
                </name>
                <probability>
                    0.2
                </probability>
            </item>
            <item>
                <name>
                    iron_ring
                </name>
                <probability>
                    0.15
                </probability>
            </item>
        </loot>
        <stats_up>
            <hp>
                2, 2, 3, 3, 4, 5
            </hp>
            <strength>
                0, 1, 1, 2, 2
            </strength>
            <defense>
                0, 1
            </defense>
            <resistance>
                0, 1
            </resistance>
        </stats_up>
        <keywords>UNDEAD,LARGE</keywords>
    </necrophage>
    <fire_eye>
        <sprite>
            eyes/eye_of_devastation_old.png
        </sprite>
        <move>
            5
        </move>
        <hp>
            3
        </hp>
        <strength>
            1
        </strength>
        <defense>
            0
        </defense>
        <resistance>
            0
        </resistance>
        <xp_gain>
            5
        </xp_gain>
        <attack_kind>
            PHYSICAL
        </attack_kind>
        <strategy>
            SEMI_ACTIVE
        </strategy>
        <stats_up>
            <hp>
                2, 2, 3, 3, 4, 5
            </hp>
            <strength>
                0, 1, 1, 2
            </strength>
            <defense>
                0, 1, 1
            </defense>
            <resistance>
                0, 1, 1
            </resistance>
        </stats_up>
    </fire_eye>
    <cultist>
        <sprite>
            thugs/cultist.png
        </sprite>
        <move>
            3
        </move>
        <hp>
            13
        </hp>
        <strength>
            7
        </strength>
        <defense>
            0
        </defense>
        <resistance>
            2
        </resistance>
        <xp_gain>
            15
        </xp_gain>
        <strategy>
            ACTIVE
        </strategy>
        <reach>
            2
        </reach>
        <attack_kind>
            SPIRITUAL
        </attack_kind>
        <loot>
            <item>
                <name>
                    wooden_staff
                </name>
                <probability>
                    0.05
                </probability>
            </item>
        </loot>
        <stats_up>
            <hp>
                2, 2, 2, 3, 3, 4
            </hp>
            <strength>
                0, 1, 1, 2
            </strength>
            <defense>
                0, 1
            </defense>
            <resistance>
                0, 1, 1, 2
            </resistance>
        </stats_up>
    </cultist>
    <mutanter_cultist>
        <sprite>
            thugs/mutanter_cultist.png
        </sprite>
        <move>
            3
        </move>
        <hp>
            20
        </hp>
        <strength>
            9
        </strength>
        <defense>
            2
        </defense>
        <resistance>
            5
        </resistance>
        <xp_gain>
            70
        </xp_gain>
        <strategy>
            STATIC
        </strategy>
        <reach>
            2, 3
        </reach>
        <attack_kind>
            SPIRITUAL
        </attack_kind>
        <loot>
            <item>
                <name>scroll_of_cerberus</name>
                <probability>1.0</probability>
            </item>
        </loot>
        <stats_up>
            <hp>
                2, 3, 3, 4, 5
            </hp>
            <strength>
                0, 1, 1, 2
            </strength>
            <defense>
                0, 1, 1, 2
            </defense>
            <resistance>
                1, 2, 2
            </resistance>
        </stats_up>
    </mutanter_cultist>
    <assassin>
        <sprite>
            thugs/basic_assassin.png
        </sprite>
        <move>
            4
        </move>
        <hp>
            13
        </hp>
        <strength>
            8
        </strength>
        <defense>
            1
        </defense>
        <resistance>
            0
        </resistance>
        <xp_gain>
            15
        </xp_gain>
        <strategy>
            ACTIVE
        </strategy>
        <attack_kind>
            PHYSICAL
        </attack_kind>
        <loot>
            <item>
                <name>
                    dagger
                </name>
                <probability>
                    0.1
                </probability>
            </item>
            <gold>
                <amount>50</amount>
                <probability>0.1</probability>
            </gold>
        </loot>
        <stats_up>
            <hp>
                1, 2, 2, 2, 3, 4
            </hp>
            <strength>
                0, 1, 1, 2, 2, 2
            </strength>
            <defense>
                0, 1
            </defense>
            <resistance>
                0, 1
            </resistance>
        </stats_up>
    </assassin>
    <skeleton_cobra>
        <sprite>
            undead/skeletons/skeleton_snake.png
        </sprite>
        <move>
            4
        </move>
        <hp>
            8
        </hp>
        <strength>
            5
        </strength>
        <defense>
            0
        </defense>
        <resistance>
            1
        </resistance>
        <xp_gain>
            15
        </xp_gain>
        <strategy>
            SEMI_ACTIVE
        </strategy>
        <reach>
            2
        </reach>
        <attack_kind>
            PHYSICAL
        </attack_kind>
        <loot>
            <item>
                <name>
                    bones
                </name>
                <probability>
                    0.1
                </probability>
            </item>
        </loot>
        <stats_up>
            <hp>
                2, 2, 2, 2, 3, 4, 5
            </hp>
            <strength>
                0, 1, 1, 2
            </strength>
            <defense>
                0, 1, 1, 2, 2
            </defense>
            <resistance>
                0, 1, 2
            </resistance>
        </stats_up>
        <keywords>cavalry</keywords>
    </skeleton_cobra>
    <lich_boss>
        <sprite>
            undead/ancient_lich_new.png
        </sprite>
        <move>
            2
        </move>
        <hp>
            20
        </hp>
        <strength>
            9
        </strength>
        <defense>
            5
        </defense>
        <resistance>
            6
        </resistance>
        <xp_gain>
            60
        </xp_gain>
        <strategy>
            SEMI_ACTIVE
        </strategy>
        <reach>
            1, 2
        </reach>
        <attack_kind>
            SPIRITUAL
        </attack_kind>
        <loot>
            <item>
                <name>necromancer_staff</name>
                <probability>
                     1.0
                </probability>
            </item>
            <gold>
                <amount>
                    500
                </amount>
                <probability>
                    1.0
                </probability>
            </gold>
        </loot>
        <stats_up>
            <hp>
                2, 3, 3, 4
            </hp>
            <strength>
                1, 2
            </strength>
            <defense>
                0, 1, 1, 2, 2
            </defense>
            <resistance>
                0, 1, 1, 2, 2
            </resistance>
        </stats_up>
        <keywords>UNDEAD,LARGE</keywords>
    </lich_boss>
</foes>