<races>
    <Humano>
        <constitution>
            10
        </constitution>
        <move>
            5
        </move>
    </Humano>
    
    <elf>
        <constitution>
            8
        </constitution>
        <move>
            5
        </move>
    </elf>


    <dwarf>
        <constitution>
            12
        </constitution>
        <move>
            4
        </move>
        <skills>
            <skill>
                <name>
                    brutal_hitter
                </name>
            </skill>
        </skills>
    </dwarf>


    <centaur>
        <constitution>
            12
        </constitution>
        <move>
            8
        </move>
    </centaur>
    <gnome>
        <constitution>
            7
        </constitution>
        <move>
            6
        </move>
    </gnome>
</races>